Email,Fullname,Number
john.doe@example.com,John Doe,+1234567890
jane.smith@example.com,Jane Smith,+1234567892
michael.j@example.com,Michael Johnson,+1234567893
sarah.w@example.com,Sarah Williams,+1234567895
david.brown@example.com,David Brown,+1234567896
emily.davis@example.com,Emily Davis,+1234567898
robert.w@example.com,Robert Wilson,+1234567899
lisa.a@example.com,Lisa Anderson,+1234567901
james.t@example.com,James Taylor,+1234567902
maria.g@example.com,Maria Garcia,+1234567904
chris.m@example.com,Christopher Martinez,+1234567905
amanda.w@example.com,Amanda White,+1234567907
daniel.l@example.com,Daniel Lee,+1234567908
jessica.h@example.com,Jessica Harris,+1234567910
matthew.c@example.com,Matthew Clark,+1234567911
olivia.l@example.com,Olivia Lewis,+1234567913
andrew.w@example.com,Andrew Walker,+1234567914
sophia.h@example.com,Sophia Hall,+1234567916
benjamin.a@example.com,Benjamin Allen,+1234567917
isabella.y@example.com,Isabella Young,+1234567919
william.k@example.com,William King,+1234567920
mia.w@example.com,Mia Wright,+1234567922
ethan.l@example.com,Ethan Lopez,+1234567923
ava.h@example.com,Ava Hill,+1234567925
noah.s@example.com,Noah Scott,+1234567926
charlotte.g@example.com,Charlotte Green,+1234567928
lucas.a@example.com,Lucas Adams,+1234567929
harper.b@example.com,Harper Baker,+1234567931
alex.n@example.com,Alexander Nelson,+1234567932
ella.c@example.com,Ella Carter,+1234567934
mason.m@example.com,Mason Mitchell,+1234567935
grace.p@example.com,Grace Perez,+1234567937
logan.r@example.com,Logan Roberts,+1234567938
chloe.t@example.com,Chloe Turner,+1234567940
jackson.p@example.com,Jackson Phillips,+1234567941
lily.c@example.com,Lily Campbell,+1234567943
aiden.p@example.com,Aiden Parker,+1234567944
zoe.e@example.com,Zoe Evans,+1234567946
sebastian.e@example.com,Sebastian Edwards,+1234567947
layla.c@example.com,Layla Collins,+1234567949
carter.s@example.com,Carter Stewart,+1234567950
nora.s@example.com,Nora Sanchez,+1234567952
wyatt.m@example.com,Wyatt Morris,+1234567953
riley.r@example.com,Riley Rogers,+1234567955
scarlett.r@example.com,Scarlett Reed,+1234567956
landon.c@example.com,Landon Cook,+1234567958
aubrey.m@example.com,Aubrey Morgan,+1234567959
addison.b@example.com,Addison Bell,+1234567961
ryan.t@example.com,Ryan Thompson,+1234567962
victoria.j@example.com,Victoria Johnson,+1234567963
